kunta,1980,1981,1982,1983,1984,1985,1986,1987,1988,1989,1990,1991,1992,1993,1994,1995,1996,1997,1998,1999,2000,2001,2002,2003,2004,2005,2006,2007,2008,2009,2010,2011,2012
"(2:Akaa,Akaa)",15767,15770,15734,15721,15741,15651,15668,15733,15820,15937,16048,16096,16201,16142,16038,15986,15924,15840,15857,15954,15945,16022,16117,16269,16324,16422,16586,16738,16837,16858,17012,17091,17134
"(2:Alajärvi,Alajärvi)",11089,11219,11357,11461,11612,11683,11758,11760,11832,11860,11963,11982,12023,11992,11985,11890,11874,11803,11720,11624,11503,11341,11185,11075,11027,10910,10768,10698,10634,10573,10487,10327,10268
"(2:Alavieska,Alavieska)",2990,3003,3036,3044,3048,3040,3030,3036,3023,3050,3072,3060,3053,3097,3084,3051,3054,3064,3029,2990,2940,2902,2898,2891,2894,2854,2827,2817,2759,2776,2770,2750,2761
"(2:Alavus,Alavus)",13580,13640,13749,13799,13858,13781,13779,13725,13720,13758,13785,13781,13744,13690,13623,13472,13341,13330,13299,13174,13135,13040,12925,12897,12880,12868,12791,12788,12706,12586,12439,12385,12341
"(2:Asikkala,Asikkala)",8251,8320,8355,8420,8506,8564,8611,8653,8727,8787,8822,8790,8828,8842,8761,8782,8728,8694,8609,8636,8644,8680,8648,8554,8547,8560,8597,8663,8604,8551,8552,8498,8461
"(2:Askola,Askola)",4058,4048,4119,4108,4130,4130,4101,4115,4167,4178,4248,4311,4334,4348,4319,4269,4301,4298,4314,4360,4389,4421,4446,4474,4530,4555,4627,4711,4761,4831,4864,4911,4988
"(2:Aura,Aura)",2470,2504,2549,2607,2668,2692,2782,2773,2880,2901,2960,3134,3195,3232,3280,3288,3281,3293,3291,3316,3338,3378,3457,3514,3620,3699,3750,3823,3852,3840,3911,3975,3971
"(2:Brändö,Brändö)",550,568,552,551,546,528,528,529,532,524,529,532,536,538,546,548,534,538,525,517,514,501,502,515,516,519,520,510,518,498,488,480,476
"(2:Eckerö,Eckerö)",685,698,716,716,748,769,759,768,782,786,811,822,843,829,820,823,816,810,835,846,830,839,884,895,897,925,929,923,921,924,943,978,960
"(2:Enonkoski,Enonkoski)",2029,2025,2042,2050,2105,2225,2244,2208,2231,2255,2217,2185,2222,2186,2142,2093,2035,1976,1938,1909,1871,1819,1793,1747,1738,1713,1696,1677,1651,1617,1615,1566,1532
"(2:Enontekiö,Enontekis)",2286,2289,2357,2411,2432,2419,2435,2420,2444,2467,2472,2504,2475,2483,2450,2413,2378,2365,2324,2225,2145,2100,2073,2022,1998,2000,1997,1965,1915,1882,1876,1893,1880
"(2:Espoo,Esbo)",137409,141334,145317,149057,152929,156778,160406,164569,167734,169851,172629,175670,179054,182647,186507,191247,196260,200834,204962,209667,213271,216836,221597,224231,227472,231704,235019,238047,241565,244330,247970,252439,256824
"(2:Eura,Eura)",13729,13715,13698,13702,13707,13630,13566,13420,13384,13333,13406,13439,13519,13533,13493,13438,13371,13320,13218,13121,12957,12883,12843,12779,12793,12807,12769,12676,12576,12554,12507,12424,12406
"(2:Eurajoki,Euraåminne)",5724,5750,5838,5898,5881,5837,5837,5906,5971,6043,6145,6125,6175,6213,6195,6217,6157,6087,6028,5929,5910,5791,5760,5774,5796,5834,5843,5854,5871,5874,5923,5844,5922
"(2:Evijärvi,Evijärvi)",3423,3430,3439,3448,3442,3431,3397,3400,3398,3372,3356,3325,3329,3323,3331,3287,3243,3209,3153,3117,3067,3027,2990,2985,2935,2916,2854,2827,2780,2772,2755,2747,2686
"(2:Finström,Finström)",2052,2092,2119,2144,2145,2162,2163,2188,2174,2201,2206,2220,2239,2243,2250,2246,2283,2273,2276,2277,2299,2304,2332,2371,2399,2441,2464,2457,2483,2486,2502,2527,2531
"(2:Forssa,Forssa)",19332,19424,19688,19936,20028,20074,19973,19879,19905,19753,19660,19664,19699,19742,19699,19542,19335,19124,18857,18644,18506,18311,18201,18104,18076,17918,17894,17835,17870,17807,17904,17833,17727
"(2:Föglö,Föglö)",608,600,604,610,605,605,593,588,599,602,606,607,600,602,603,602,598,599,596,600,595,589,600,608,607,596,583,582,576,561,580,577,578
"(2:Geta,Geta)",471,468,474,481,464,443,442,437,462,463,478,472,471,475,467,461,475,480,473,482,478,476,470,461,461,444,448,443,456,457,475,492,495
"(2:Haapajärvi,Haapajärvi)",8202,8309,8349,8419,8423,8454,8450,8501,8483,8432,8463,8531,8593,8592,8546,8519,8487,8482,8429,8300,8236,8179,8153,8083,8013,7882,7848,7850,7771,7714,7639,7609,7641
"(2:Haapavesi,Haapavesi)",7351,7434,7578,7633,7750,7782,7776,7827,7967,8097,8190,8291,8358,8354,8366,8349,8289,8233,8166,8075,7983,7894,7851,7818,7753,7680,7529,7515,7493,7396,7418,7384,7283
"(2:Hailuoto,Karlö)",897,891,897,897,911,907,909,927,944,944,934,946,964,983,970,955,983,977,974,976,966,972,968,979,986,964,998,987,1028,1019,1004,1004,986
"(2:Halsua,Halsua)",1625,1648,1654,1683,1670,1677,1666,1678,1685,1673,1665,1644,1651,1658,1643,1629,1639,1614,1592,1602,1547,1536,1499,1498,1456,1441,1405,1379,1351,1323,1289,1275,1248
"(2:Hamina,Fredrikshamn)",22995,22884,22854,22836,22864,22947,22913,22811,22686,22579,22589,22638,22667,22631,22589,22405,22245,22194,22133,21986,21847,21705,21720,21763,21887,21957,21826,21737,21570,21483,21400,21403,21256
"(2:Hammarland,Hammarland)",1196,1195,1226,1232,1235,1214,1203,1196,1214,1212,1233,1261,1290,1300,1299,1283,1319,1332,1333,1348,1351,1373,1379,1365,1387,1384,1423,1409,1440,1463,1508,1526,1522
"(2:Hankasalmi,Hankasalmi)",6144,6137,6107,6123,6119,6109,6130,6103,6104,6117,6070,6088,6035,6032,6050,5991,5919,5892,5879,5832,5745,5706,5621,5590,5600,5588,5556,5506,5526,5514,5542,5491,5453
"(2:Hanko,Hangö)",12163,12143,12224,12134,12114,12071,11923,11732,11598,11499,11458,11370,11274,11150,11008,10825,10623,10419,10267,10184,10044,10008,9999,9918,9905,9827,9725,9708,9657,9597,9462,9417,9267
"(2:Harjavalta,Harjavalta)",8871,8918,8886,8986,8957,8955,8923,8929,8917,8749,8678,8623,8591,8532,8432,8374,8271,8202,8053,8003,7877,7766,7721,7738,7745,7673,7700,7646,7580,7548,7540,7504,7486
"(2:Hartola,Hartola)",4588,4549,4503,4475,4402,4349,4301,4283,4274,4316,4352,4270,4246,4208,4177,4129,4041,3974,3925,3894,3837,3818,3783,3740,3692,3671,3572,3572,3466,3388,3355,3292,3205
"(2:Hattula,Hattula)",7391,7507,7564,7719,7863,7999,8151,8271,8450,8645,8724,8830,9036,9139,9134,9108,9111,9087,9051,9120,9131,9151,9165,9199,9281,9332,9445,9444,9571,9625,9657,9682,9720
"(2:Hausjärvi,Hausjärvi)",7264,7267,7237,7273,7365,7434,7481,7522,7672,7792,7943,8045,8103,8102,8129,8143,8130,8154,8115,8097,8107,8173,8171,8290,8343,8419,8536,8574,8647,8826,8815,8807,8866
"(2:Heinola,Heinola)",21441,21453,21353,21530,21749,21776,21765,21837,22027,22172,22255,22222,22238,22200,22130,22016,21865,21713,21567,21351,21178,20958,20940,20887,20910,20729,20604,20612,20545,20374,20258,20164,20051
"(2:Heinävesi,Heinävesi)",5785,5722,5714,5688,5673,5621,5548,5498,5459,5366,5364,5258,5258,5217,5121,5065,4940,4840,4777,4687,4578,4529,4514,4451,4403,4311,4239,4152,4065,3975,3912,3827,3742
"(2:Helsinki,Helsingfors)",483036,483051,484260,484471,484263,485795,487521,490034,489965,490629,492400,497542,501514,508588,515765,525031,532053,539363,546317,551123,555474,559718,559716,559330,559046,560905,564521,568531,576632,583350,588549,595384,603968
"(2:Hirvensalmi,Hirvensalmi)",3165,3135,3095,3003,2949,2904,2915,2870,2856,2863,2835,2828,2826,2802,2810,2757,2700,2689,2673,2683,2666,2644,2613,2610,2579,2579,2569,2515,2489,2436,2439,2389,2377
"(2:Hollola,Hollola)",16418,16731,17202,17660,18143,18442,18843,19241,19494,19735,19915,20154,20256,20320,20264,20293,20181,20213,20223,20164,20378,20446,20527,20755,20965,21199,21292,21520,21747,21845,21962,22020,22054
"(2:Honkajoki,Honkajoki)",2559,2539,2517,2514,2502,2491,2481,2438,2403,2389,2393,2369,2347,2330,2333,2320,2296,2267,2227,2201,2170,2144,2104,2083,2023,2011,1985,1932,1918,1889,1878,1848,1832
"(2:Huittinen,Huittinen)",11650,11562,11537,11529,11579,11502,11436,11438,11469,11430,11429,11422,11412,11350,11330,11270,11246,11176,11087,11039,10983,10955,10895,10852,10851,10768,10741,10699,10703,10700,10663,10638,10623
"(2:Humppila,Humppila)",2779,2769,2750,2747,2732,2733,2728,2686,2679,2718,2707,2686,2652,2680,2690,2679,2657,2596,2593,2590,2586,2626,2610,2584,2595,2600,2582,2566,2537,2524,2506,2503,2496
"(2:Hyrynsalmi,Hyrynsalmi)",4428,4376,4343,4320,4257,4225,4253,4201,4142,4110,4066,4033,3993,3997,3940,3906,3851,3730,3663,3575,3486,3371,3299,3212,3148,3096,3015,2967,2877,2791,2736,2672,2603
"(2:Hyvinkää,Hyvinge)",37297,37559,37852,38264,38432,38742,38843,39185,39808,39992,40194,40351,40634,40965,41089,41203,41379,41685,42011,42325,42545,42736,42997,43169,43523,43848,44310,44652,44987,45270,45489,45527,45592
"(2:Hämeenkoski,Hämeenkoski)",2315,2276,2238,2256,2260,2270,2261,2219,2257,2288,2321,2352,2384,2375,2359,2336,2303,2266,2241,2220,2214,2170,2192,2177,2200,2191,2149,2139,2136,2126,2144,2130,2096
"(2:Hämeenkyrö,Tavastkyro)",9302,9204,9208,9138,9122,9099,9159,9224,9359,9428,9511,9505,9616,9677,9676,9736,9722,9806,9881,9904,9897,9915,9939,10009,10089,10186,10238,10276,10327,10436,10489,10533,10500
"(2:Hämeenlinna,Tavastehus)",59224,59227,59243,59744,59875,59767,59809,60010,60308,60830,61222,61586,61722,61755,61955,62080,62183,62403,62571,62950,63033,63207,63539,63779,64111,64271,64905,65421,66131,66455,66829,67270,67497
"(2:Ii,Ii)",7651,7745,7814,7904,7949,7925,7966,8002,8060,8165,8246,8363,8424,8499,8532,8540,8565,8487,8489,8479,8439,8464,8481,8512,8660,8868,8981,9077,9177,9294,9382,9499,9574
"(2:Iisalmi,Idensalmi)",22648,22829,23056,23225,23409,23612,23617,23695,23724,23830,23979,23925,23996,23985,24117,24042,23994,23772,23612,23389,23113,22903,22835,22647,22639,22482,22319,22298,22289,22169,22095,22147,22135
"(2:Iitti,Iitti)",7770,7680,7678,7680,7707,7690,7655,7659,7752,7855,7889,7860,7778,7730,7715,7687,7687,7628,7587,7511,7534,7415,7376,7321,7336,7265,7246,7208,7093,7061,7005,7002,6955
"(2:Ikaalinen,Ikalis)",8137,8104,8087,8151,8183,8184,8184,8207,8191,8206,8219,8219,8174,8163,8164,8074,7968,7934,7842,7795,7744,7715,7612,7607,7569,7547,7511,7483,7453,7424,7428,7375,7346
"(2:Ilmajoki,Ilmajoki)",11928,11963,12032,12078,12063,12041,12050,11988,12019,12040,12097,12127,12124,12134,12077,12005,11944,11843,11805,11791,11832,11752,11744,11720,11517,11496,11532,11635,11680,11744,11841,11898,12022
"(2:Ilomantsi,Ilomants)",8753,8683,8686,8664,8547,8469,8382,8271,8110,8073,8054,7999,7981,7954,7907,7832,7708,7633,7493,7274,7129,6939,6804,6690,6538,6422,6313,6203,6052,6022,5883,5834,5693
"(2:Imatra,Imatra)",36378,35994,35727,35606,35412,35085,34802,34566,34143,33832,33566,33228,32901,32558,32302,32057,31754,31508,31244,30867,30663,30421,30230,29969,29728,29529,29385,29155,28899,28676,28540,28472,28294
"(2:Inari,Enare)",6900,7009,7093,7151,7202,7219,7237,7284,7352,7374,7559,7681,7802,7874,7855,7851,7783,7719,7555,7452,7360,7268,7217,7153,7084,7043,6986,6954,6866,6863,6778,6754,6732
"(2:Inkoo,Ingå)",4060,4082,4144,4199,4234,4368,4441,4475,4496,4625,4723,4813,4848,4834,4835,4800,4813,4850,4844,4838,4873,4975,5034,5080,5152,5310,5378,5460,5575,5609,5546,5561,5538
"(2:Isojoki,Storå)",3204,3226,3186,3169,3118,3069,3053,2986,2936,2903,2896,2863,2888,2893,2893,2860,2835,2835,2798,2747,2694,2661,2643,2619,2592,2552,2540,2518,2458,2406,2400,2354,2290
"(2:Isokyrö,Storkyro)",5383,5370,5327,5407,5386,5394,5393,5383,5342,5297,5340,5376,5409,5385,5352,5279,5272,5266,5232,5207,5151,5097,5085,5065,5074,5044,5041,5016,4991,4953,4965,4936,4886
"(2:Jalasjärvi,Jalasjärvi)",10259,10361,10420,10356,10306,10250,10232,10152,10041,9948,9846,9841,9865,9823,9761,9618,9490,9292,9155,9038,8924,8830,8792,8760,8691,8631,8532,8495,8343,8277,8214,8130,8071
"(2:Janakkala,Janakkala)",15160,15083,15016,14927,14889,14843,14880,14776,14830,15160,15301,15445,15502,15480,15509,15462,15346,15381,15359,15409,15419,15401,15483,15517,15661,15871,16115,16405,16589,16795,16892,16960,16921
"(2:Joensuu,Joensuu)",63969,64259,64743,65216,65611,66166,66244,66320,66369,66734,67363,68184,68962,69590,70251,70507,70658,70713,70580,70868,71013,71257,71359,71800,71991,72292,72253,72105,72433,72704,73305,73758,74168
"(2:Jokioinen,Jockis)",5025,5104,5219,5281,5316,5369,5437,5455,5442,5527,5573,5581,5619,5661,5610,5675,5704,5755,5733,5659,5677,5663,5641,5672,5731,5754,5725,5768,5767,5753,5720,5676,5643
"(2:Jomala,Jomala)",2615,2676,2730,2819,2831,2839,2858,2869,2912,2971,3025,3069,3102,3129,3150,3156,3175,3195,3250,3288,3328,3356,3433,3444,3508,3614,3664,3774,3917,4022,4098,4249,4355
"(2:Joroinen,Jorois)",6239,6294,6298,6314,6292,6270,6309,6299,6356,6395,6407,6399,6358,6339,6306,6223,6158,6092,6019,5937,5880,5822,5752,5723,5645,5619,5596,5495,5476,5423,5394,5342,5291
"(2:Joutsa,Joutsa)",6191,6155,6163,6169,6150,6045,5994,5951,5865,5919,5920,6043,5986,6006,5927,5859,5831,5777,5687,5565,5450,5391,5343,5268,5210,5213,5187,5180,5122,5093,5053,4958,4898
"(2:Juankoski,Juankoski)",6989,6935,6936,6949,6905,6850,6813,6748,6686,6626,6580,6541,6515,6457,6392,6290,6201,6108,6043,5948,5892,5815,5740,5685,5622,5583,5508,5454,5374,5273,5170,5146,5093
"(2:Juuka,Juuka)",7875,7788,7716,7696,7663,7617,7527,7503,7407,7396,7317,7329,7314,7247,7149,7065,6961,6913,6764,6677,6583,6486,6372,6238,6177,6034,5940,5832,5762,5705,5589,5453,5324
"(2:Juupajoki,Juupajoki)",2524,2504,2475,2453,2494,2499,2498,2460,2462,2502,2525,2530,2521,2513,2491,2452,2417,2413,2388,2400,2371,2308,2248,2252,2275,2224,2205,2206,2173,2116,2094,2046,2023
"(2:Juva,Juva)",9025,8944,8897,8857,8826,8800,8673,8570,8473,8451,8435,8381,8334,8327,8275,8172,8055,7985,7852,7827,7671,7541,7449,7446,7403,7369,7324,7213,7135,7064,6962,6902,6783
"(2:Jyväskylä,Jyväskylä)",96966,97327,97792,98537,99217,99993,100494,101079,102013,103030,103921,105037,106233,107103,108471,109657,111099,112353,113478,114848,116519,118380,119620,121245,122974,124205,125221,126546,128028,129623,130816,132062,133482
"(2:Jämijärvi,Jämijärvi)",2506,2486,2485,2477,2444,2430,2426,2404,2392,2424,2421,2402,2398,2421,2417,2399,2391,2356,2359,2351,2308,2286,2276,2246,2226,2183,2161,2149,2103,2063,2041,2003,1986
"(2:Jämsä,Jämsä)",26371,26268,26260,26127,26027,26010,25861,25809,25834,25940,26005,26127,26192,26248,26105,25945,25860,25673,25439,25232,25023,24896,24761,24621,24509,24327,23612,23398,23167,22949,22691,22507,22354
"(2:Järvenpää,Träskända)",23281,23788,24205,25169,26216,27220,27976,29001,30094,30819,31525,32446,33238,34005,34282,34436,34438,34768,35133,35459,35915,36380,36602,37114,37328,37505,37629,37989,38288,38708,38680,38966,39646
"(2:Kaarina,S:t Karins)",19351,19937,20426,20848,21320,21981,22285,22755,23167,23921,24390,24632,24949,25277,25339,25457,25567,25676,25929,26359,26746,27287,27535,27846,28404,28967,29462,29928,30347,30760,30911,31081,31363
"(2:Kaavi,Kaavi)",4763,4723,4622,4578,4512,4391,4338,4273,4271,4261,4230,4222,4223,4197,4146,4085,4054,4007,3932,3866,3776,3700,3660,3651,3630,3596,3552,3490,3457,3429,3377,3385,3315
"(2:Kajaani,Kajana)",38016,38447,38749,39072,39275,39416,39467,39365,39195,39323,39577,39671,39801,39865,39854,39827,39748,39450,39401,39238,38912,38739,38562,38345,38318,38217,38027,38089,38132,38211,38157,38045,37973
"(2:Kalajoki,Kalajoki)",11984,12307,12398,12439,12470,12532,12532,12582,12647,12674,12728,12780,12850,12855,12864,12814,12705,12617,12496,12451,12376,12275,12219,12231,12265,12282,12318,12487,12535,12540,12562,12616,12625
"(2:Kangasala,Kangasala)",21877,22122,22527,22975,23168,23225,23372,23589,23656,24054,24407,24634,24826,25105,25056,25106,25046,25119,25133,25285,25630,25922,26341,26778,27303,27927,28407,28809,29282,29522,29675,29891,30126
"(2:Kangasniemi,Kangasniemi)",7551,7522,7473,7454,7448,7413,7379,7336,7263,7261,7266,7228,7267,7191,7134,7081,7065,6975,6881,6730,6679,6587,6494,6419,6315,6251,6215,6131,6091,6024,5964,5865,5839
"(2:Kankaanpää,Kankaanpää)",13516,13557,13575,13654,13682,13652,13651,13594,13616,13579,13532,13491,13600,13580,13510,13466,13381,13305,13261,13159,13018,13001,12848,12782,12692,12618,12578,12405,12314,12224,12135,12078,11957
"(2:Kannonkoski,Kannonkoski)",2201,2187,2180,2149,2113,2084,2026,2013,1983,1923,1947,1923,1917,1891,1882,1857,1812,1801,1783,1759,1741,1689,1664,1634,1630,1627,1645,1610,1609,1587,1577,1544,1553
"(2:Kannus,Kannus)",5348,5459,5625,5733,5868,5914,5965,6029,6007,6073,6126,6168,6174,6254,6291,6308,6270,6250,6234,6175,6106,6047,6047,5978,5961,5937,5892,5844,5745,5793,5737,5697,5736
"(2:Karijoki,Bötom)",2038,2029,2024,2013,2030,2012,1996,1986,1986,1974,1982,1943,1964,1979,1952,1918,1884,1866,1840,1797,1760,1736,1707,1686,1693,1673,1617,1579,1574,1529,1521,1527,1514
"(2:Karkkila,Högfors)",8330,8309,8347,8300,8358,8355,8405,8478,8662,8813,8925,9077,9033,8887,8699,8609,8556,8591,8659,8741,8753,8746,8765,8764,8802,8807,8920,8996,9076,9109,9209,9190,9119
"(2:Karstula,Karstula)",5582,5630,5694,5745,5728,5665,5644,5581,5577,5561,5610,5594,5598,5554,5517,5467,5442,5364,5302,5261,5137,5039,4957,4904,4858,4801,4739,4691,4618,4564,4507,4462,4376
"(2:Karvia,Karvia)",3728,3678,3692,3646,3586,3559,3538,3489,3449,3410,3342,3326,3338,3315,3297,3272,3212,3167,3109,3059,3008,2974,2954,2914,2875,2825,2779,2776,2728,2672,2643,2599,2545
"(2:Kaskinen,Kaskö)",1914,1938,1952,1953,1892,1864,1854,1816,1783,1784,1780,1745,1736,1706,1651,1596,1571,1536,1534,1503,1564,1552,1543,1558,1519,1482,1505,1485,1478,1442,1429,1404,1382
"(2:Kauhajoki,Kauhajoki)",14946,15152,15400,15549,15586,15577,15558,15524,15563,15573,15643,15704,15663,15602,15542,15420,15303,15251,15095,15028,14831,14716,14676,14596,14544,14465,14457,14428,14379,14384,14269,14191,14167
"(2:Kauhava,Kauhava)",19924,19962,20140,20279,20288,20359,20374,20332,20260,20222,20231,20152,20177,20103,20054,19877,19752,19525,19328,19226,18967,18788,18606,18495,18453,18248,18077,17974,17773,17545,17308,17265,17202
"(2:Kauniainen,Grankulla)",7203,7435,7528,7590,7716,7746,7769,7790,7877,7897,7889,7948,8233,8268,8305,8298,8464,8515,8530,8549,8532,8543,8582,8622,8465,8457,8469,8511,8545,8617,8689,8807,8910
"(2:Kaustinen,Kaustby)",3993,4019,4146,4209,4261,4325,4360,4391,4419,4440,4500,4518,4549,4574,4566,4578,4510,4522,4508,4437,4414,4438,4432,4432,4393,4348,4332,4298,4313,4298,4302,4280,4287
"(2:Keitele,Keitele)",3346,3353,3400,3403,3399,3357,3345,3332,3290,3334,3309,3306,3311,3284,3250,3201,3162,3086,3044,3005,2972,2943,2916,2831,2803,2760,2692,2642,2618,2563,2542,2524,2476
"(2:Kemi,Kemi)",26928,26732,26679,26600,26544,26421,26218,25984,25730,25565,25374,25244,25121,25095,24936,24696,24633,24485,24122,23967,23689,23424,23236,23056,22907,22831,22771,22669,22594,22580,22537,22399,22257
"(2:Kemijärvi,Kemijärvi)",12621,12685,12825,12817,12863,12762,12772,12560,12473,12385,12331,12257,12103,12053,11987,11775,11628,11368,11036,10743,10484,10138,9936,9759,9529,9293,9065,8882,8658,8519,8418,8295,8093
"(2:Keminmaa,Keminmaa)",7721,8017,8239,8496,8659,8798,8862,8952,9015,9087,9143,9258,9395,9460,9402,9411,9350,9266,9199,9027,8930,8861,8898,8889,8863,8926,8829,8712,8636,8606,8573,8572,8585
"(2:Kemiönsaari,Kimitoön)",9022,9025,8965,8886,8799,8676,8562,8446,8406,8358,8371,8325,8262,8199,8134,8041,7975,7836,7751,7709,7663,7619,7560,7529,7491,7462,7425,7383,7303,7298,7191,7173,7075
"(2:Kempele,Kempele)",7545,7875,8191,8438,8597,8755,8981,9220,9466,9643,9807,10076,10388,10527,10635,10791,10921,11256,11665,12087,12551,12877,13229,13633,13982,14475,14917,15218,15320,15652,15864,16182,16383
"(2:Kerava,Kervo)",23851,24493,24916,25380,25878,26207,26510,26829,27052,27155,27597,28006,28445,28933,29298,29385,29540,29830,29914,30137,30270,30482,30709,31170,31361,31544,32305,33181,33546,33833,34282,34549,34491
"(2:Keuruu,Keuruu)",13000,13034,13088,13081,13128,13010,12983,12952,12791,12687,12663,12690,12655,12539,12468,12405,12345,12288,12116,11974,11870,11705,11510,11395,11260,11180,11005,10919,10896,10757,10666,10574,10488
"(2:Kihniö,Kihniö)",2921,2891,2876,2874,2886,2876,2820,2801,2765,2764,2761,2752,2701,2688,2666,2626,2566,2536,2498,2455,2433,2392,2392,2408,2366,2353,2305,2280,2223,2257,2226,2179,2147
"(2:Kinnula,Kinnula)",2248,2273,2278,2330,2312,2309,2320,2324,2311,2292,2307,2321,2331,2321,2302,2272,2254,2257,2228,2165,2117,2072,2015,1977,1940,1933,1901,1864,1852,1820,1821,1816,1764
"(2:Kirkkonummi,Kyrkslätt)",19919,20527,21090,21862,22524,23255,23664,24101,24531,24861,25366,26062,26539,26906,27046,27316,27836,28293,28850,29275,29694,30274,30937,31695,32772,33581,34389,35141,35981,36509,36942,37192,37567
"(2:Kitee,Kitee)",14546,14630,14662,14636,14662,14653,14615,14618,14548,14575,14514,14484,14466,14404,14299,14129,13967,13815,13628,13474,13283,13127,12957,12774,12589,12462,12316,12207,12010,11861,11666,11515,11341
"(2:Kittilä,Kittilä)",6404,6327,6356,6367,6339,6213,6133,6093,6089,6135,6167,6208,6288,6256,6228,6205,6090,6004,5994,5901,5819,5820,5797,5820,5833,5840,5887,5967,6039,6115,6183,6279,6388
"(2:Kiuruvesi,Kiuruvesi)",12030,12030,12073,12152,12189,12000,11932,11741,11583,11495,11415,11411,11363,11345,11288,11179,10993,10851,10595,10503,10358,10187,10074,9988,9864,9745,9639,9515,9400,9318,9157,9063,8989
"(2:Kivijärvi,Kivijärvi)",2060,2067,2072,2074,2042,2022,2043,2048,2050,2052,2002,1983,1902,1874,1840,1810,1777,1717,1648,1628,1610,1568,1514,1489,1452,1424,1441,1402,1363,1365,1364,1334,1303
"(2:Kokemäki,Kumo)",9869,9883,9841,9788,9764,9741,9676,9624,9521,9527,9483,9418,9386,9319,9266,9145,9095,9016,8908,8816,8714,8605,8555,8456,8420,8365,8277,8217,8148,8080,7987,7922,7893
"(2:Kokkola,Karleby)",41848,42212,42382,42568,42791,42872,43031,43077,43054,43130,43267,43537,43797,44167,44476,44441,44333,44337,44267,44177,44182,44048,44093,44168,44296,44627,44874,45348,45644,45896,46260,46585,46773
"(2:Kolari,Kolari)",4905,4890,4941,4995,5040,5043,5035,4944,4741,4700,4721,4719,4698,4675,4579,4486,4360,4244,4118,4061,3981,3908,3911,3871,3862,3828,3792,3796,3860,3854,3839,3836,3853
"(2:Konnevesi,Konnevesi)",3541,3530,3525,3511,3510,3484,3490,3481,3463,3471,3435,3451,3410,3402,3418,3388,3343,3331,3288,3259,3217,3218,3197,3175,3154,3099,3057,3027,2978,2971,2963,2924,2904
"(2:Kontiolahti,Kontiolahti)",8351,8460,8691,8931,9136,9213,9351,9584,9983,10267,10450,10645,10712,10820,10768,10831,11001,11114,11228,11335,11517,11759,11930,12103,12339,12768,12996,13326,13490,13677,13722,14000,14245
"(2:Korsnäs,Korsnäs)",2320,2339,2341,2360,2356,2360,2336,2315,2294,2306,2310,2321,2338,2283,2305,2302,2309,2287,2267,2266,2246,2237,2227,2219,2199,2208,2205,2240,2219,2239,2260,2249,2232
"(2:Koski Tl,Koski Tl)",2878,2866,2843,2869,2886,2898,2890,2894,2833,2819,2803,2788,2769,2744,2712,2685,2649,2633,2600,2572,2550,2553,2553,2559,2545,2528,2511,2485,2470,2450,2436,2441,2450
"(2:Kotka,Kotka)",60752,60577,60384,59973,59474,58956,58367,57745,57181,56933,56634,56515,56462,56267,56087,55903,56009,55769,55551,55238,54846,54768,54622,54618,54759,54838,54607,54679,54694,54775,54824,54831,54873
"(2:Kouvola,Kouvola)",94529,94811,94940,94921,95103,95022,94740,94437,94370,94374,94352,94740,94877,94789,94453,94138,93508,92949,92615,92129,91550,91226,90861,90497,90227,89924,89397,88813,88436,88174,88072,87567,87296
"(2:Kristiinankaupunki,Kristinestad)",9043,9020,9069,9064,9092,9081,9001,8999,8971,8920,8839,8870,8838,8735,8664,8685,8634,8484,8348,8252,8084,8006,7934,7836,7760,7662,7514,7389,7262,7254,7157,7096,7055
"(2:Kruunupyy,Kronoby)",7008,7051,7093,7119,7113,7121,7099,7076,7082,7085,7054,7079,7067,7115,7057,7025,6992,6933,6887,6868,6846,6803,6809,6794,6811,6800,6700,6716,6716,6720,6731,6681,6666
"(2:Kuhmo,Kuhmo)",13900,13857,13919,13806,13661,13526,13343,13231,13085,12975,12878,12805,12746,12662,12513,12356,12163,11913,11574,11348,11167,10951,10767,10630,10449,10271,10072,9943,9798,9636,9492,9334,9240
"(2:Kuhmoinen,Kuhmoinen)",3723,3725,3670,3609,3575,3544,3502,3481,3438,3435,3428,3362,3327,3320,3285,3209,3148,3096,3053,3023,2973,2948,2917,2880,2838,2805,2731,2703,2639,2589,2554,2505,2438
"(2:Kumlinge,Kumlinge)",454,445,453,459,457,465,460,445,459,471,465,453,444,445,442,439,441,440,436,431,405,404,399,387,371,355,359,366,360,372,364,361,338
"(2:Kuopio,Kuopio)",88255,88858,89598,90266,90910,91568,91941,92311,92902,93356,93960,94944,95783,96439,97184,97835,98207,98713,98906,99115,99109,99658,99991,100381,100610,100844,101056,101375,101989,102656,103333,103932,105136
"(2:Kuortane,Kuortane)",5004,5045,5081,5101,5088,5065,4997,4943,4906,4888,4863,4916,4894,4909,4877,4809,4694,4596,4570,4534,4457,4414,4366,4282,4230,4185,4167,4073,4019,3983,3943,3906,3849
"(2:Kurikka,Kurikka)",16949,16987,17010,17143,17132,17062,17035,16960,16859,16782,16720,16608,16502,16487,16406,16253,16142,16021,15807,15659,15482,15335,15277,15241,15129,15019,14944,14928,14749,14626,14597,14495,14395
"(2:Kustavi,Gustavs)",1285,1286,1252,1227,1233,1239,1195,1190,1169,1147,1150,1146,1129,1100,1074,1067,1057,1034,1020,1019,1008,980,973,953,941,930,912,901,910,881,874,886,889
"(2:Kuusamo,Kuusamo)",17200,17395,17680,17907,17949,17923,17816,17747,17802,18064,18126,18281,18447,18561,18687,18687,18632,18427,18197,17891,17729,17634,17580,17394,17193,17113,17000,16899,16775,16669,16492,16373,16167
"(2:Kyyjärvi,Kyyjärvi)",1952,1957,1977,1993,2012,1991,1980,1972,1953,1981,1996,1985,1959,1967,1966,1947,1940,1901,1870,1827,1793,1777,1777,1739,1693,1646,1612,1575,1558,1536,1508,1503,1469
"(2:Kärkölä,Kärkölä)",5051,5050,5093,5122,5188,5164,5210,5174,5179,5287,5343,5405,5387,5390,5339,5279,5205,5141,5048,5010,5048,4978,4948,4990,5019,4974,4953,4926,4927,4875,4882,4798,4772
"(2:Kärsämäki,Kärsämäki)",3393,3448,3495,3578,3625,3635,3618,3631,3661,3611,3582,3603,3585,3594,3587,3539,3431,3381,3342,3238,3207,3154,3106,3107,3091,3025,3000,2986,2970,2918,2872,2819,2760
"(2:Kökar,Kökar)",304,301,292,292,293,288,277,280,284,292,296,303,303,300,318,314,320,321,318,312,296,292,307,293,296,303,298,284,262,261,259,249,245
"(2:Köyliö,Kjulo)",3507,3490,3466,3469,3445,3429,3393,3328,3327,3325,3306,3304,3271,3237,3183,3171,3151,3128,3069,3067,3010,2967,2952,2953,2952,2948,2907,2901,2863,2852,2824,2804,2750
"(2:Lahti,Lahtis)",94767,94692,94603,94466,94347,94447,94205,93671,93251,93132,93151,93414,93784,94160,94706,95119,95501,95854,96227,96666,96921,97543,97968,98253,98281,98413,98766,99308,100080,100854,101588,102308,103016
"(2:Laihia,Laihela)",7028,7132,7219,7353,7420,7448,7499,7478,7463,7548,7604,7625,7684,7659,7627,7576,7498,7453,7463,7449,7414,7443,7532,7471,7522,7564,7665,7664,7692,7794,7870,7933,7993
"(2:Laitila,Laitila)",8855,8984,9014,9053,9199,9185,9170,9261,9339,9338,9342,9355,9279,9261,9169,9128,8994,8933,8897,8870,8821,8779,8685,8581,8569,8569,8526,8484,8470,8442,8440,8408,8460
"(2:Lapinjärvi,Lappträsk)",3614,3578,3524,3434,3450,3368,3324,3311,3322,3327,3306,3361,3269,3244,3238,3139,3104,3090,3074,3058,3011,2995,2981,2977,2979,2937,2945,2929,2934,2926,2872,2848,2829
"(2:Lapinlahti,Lapinlahti)",11392,11423,11497,11521,11584,11608,11652,11613,11549,11561,11569,11637,11653,11635,11541,11511,11416,11318,11222,11153,11082,10953,10804,10748,10683,10581,10618,10542,10555,10477,10412,10386,10289
"(2:Lappajärvi,Lappajärvi)",4520,4590,4593,4597,4565,4582,4584,4554,4543,4554,4505,4478,4484,4472,4442,4380,4339,4259,4199,4134,4051,3945,3853,3792,3746,3670,3608,3564,3517,3495,3440,3436,3383
"(2:Lappeenranta,Villmanstrand)",68814,69054,69046,69085,69017,69112,68775,68526,68468,68455,68662,69091,69196,69356,69800,69850,70043,70227,70223,70256,70587,70918,71101,71223,71301,71435,71440,71475,71740,71814,71982,72133,72424
"(2:Lapua,Lappo)",14567,14592,14593,14756,14725,14644,14565,14627,14538,14533,14579,14576,14566,14628,14580,14488,14400,14302,14277,14198,14055,13955,13998,14002,14012,14081,14100,14178,14234,14326,14428,14530,14650
"(2:Laukaa,Laukaa)",13676,13829,14030,14202,14575,14710,14842,14984,15194,15493,15730,16031,16231,16282,16340,16352,16409,16488,16544,16467,16548,16634,16756,16929,17068,17193,17385,17609,17763,17975,18142,18286,18481
"(2:Lavia,Lavia)",2864,2852,2879,2848,2865,2823,2797,2789,2750,2744,2705,2704,2652,2622,2630,2603,2547,2500,2467,2419,2370,2330,2273,2245,2218,2195,2162,2110,2086,2058,1994,1945,1916
"(2:Lemi,Lemi)",2851,2850,2867,2876,2902,2865,2908,2954,2990,3089,3141,3128,3150,3214,3205,3147,3117,3136,3146,3130,3137,3149,3121,3137,3109,3107,3052,3056,3059,3041,3064,3068,3059
"(2:Lemland,Lemland)",954,988,1020,1079,1099,1125,1133,1159,1192,1219,1269,1333,1363,1374,1391,1443,1458,1506,1537,1553,1585,1618,1670,1662,1694,1695,1731,1773,1783,1782,1814,1860,1883
"(2:Lempäälä,Lempäälä)",12660,12901,13129,13275,13415,13618,13721,13926,14159,14441,14564,14767,14892,15106,15272,15395,15386,15568,15705,15964,16331,16761,17098,17397,17733,18248,18702,19271,19753,20178,20588,20888,21440
"(2:Leppävirta,Leppävirta)",11560,11476,11568,11575,11579,11545,11563,11498,11540,11648,11670,11678,11742,11731,11649,11592,11508,11429,11285,11208,11085,11073,11044,11038,10970,10967,10921,10885,10760,10633,10556,10405,10274
"(2:Lestijärvi,Lestijärvi)",1048,1039,1058,1083,1064,1074,1078,1104,1111,1090,1114,1098,1110,1112,1113,1123,1110,1093,1063,1030,1040,1002,982,973,956,955,942,904,881,860,853,847,835
"(2:Lieksa,Lieksa)",19157,18972,18882,18879,18707,18588,18402,18166,17888,17665,17527,17396,17300,17189,16949,16752,16397,16158,15827,15479,15208,14985,14657,14396,14080,13722,13505,13181,12918,12788,12687,12585,12399
"(2:Lieto,Lundo)",9763,9900,10141,10390,10705,11027,11218,11492,11804,12077,12255,12356,12616,12710,12783,12745,12920,13138,13434,13845,14169,14380,14605,14777,15002,15103,15415,15607,15772,16011,16260,16690,17023
"(2:Liminka,Limingo)",4068,4149,4235,4296,4368,4418,4446,4427,4514,4709,4822,5013,5204,5325,5421,5516,5561,5606,5585,5639,5735,5910,6186,6475,7039,7484,7963,8399,8576,8861,9037,9164,9432
"(2:Liperi,Liperi)",10737,10819,10814,10855,10962,10994,11062,11162,11248,11428,11500,11516,11664,11656,11656,11708,11684,11671,11553,11481,11479,11430,11426,11471,11641,11750,11850,11940,12056,12133,12271,12286,12397
"(2:Lohja,Lojo)",37610,37862,38186,38678,39204,39754,40114,40256,40895,41295,41632,41977,42087,42295,42340,42499,42416,42613,42850,43338,43786,44120,44249,44674,44863,45361,45747,46180,46627,46963,47341,47374,47516
"(2:Loimaa,Loimaa)",18612,18570,18512,18586,18592,18564,18549,18483,18421,18532,18457,18418,18394,18246,18148,18042,17964,17851,17748,17638,17585,17560,17414,17363,17365,17300,17256,17177,17102,17005,16916,16848,16737
"(2:Loppi,Loppi)",6691,6683,6680,6772,6817,6836,6878,6969,7100,7260,7405,7527,7571,7592,7588,7506,7503,7533,7557,7501,7578,7579,7630,7732,7823,7964,8006,8122,8146,8244,8273,8377,8336
"(2:Loviisa,Lovisa)",17587,17559,17487,17365,17250,17143,17096,17083,17018,16988,16970,16934,16856,16676,16517,16347,16219,16075,16022,15920,15833,15712,15659,15633,15668,15683,15749,15765,15694,15549,15595,15552,15519
"(2:Luhanka,Luhanka)",1389,1349,1318,1292,1275,1251,1226,1216,1185,1176,1165,1146,1146,1089,1070,1054,1005,980,963,956,936,917,915,905,893,881,847,852,837,834,831,802,773
"(2:Lumijoki,Lumijoki)",1372,1386,1405,1445,1468,1483,1486,1460,1496,1539,1575,1626,1657,1638,1663,1684,1650,1694,1691,1683,1686,1698,1741,1767,1798,1856,1890,1895,1941,1994,1994,2037,2059
"(2:Lumparland,Lumparland)",302,312,311,316,314,311,307,310,309,314,322,325,329,333,333,334,339,349,367,358,377,381,367,383,379,387,387,387,387,391,394,399,392
"(2:Luoto,Larsmo)",3110,3172,3213,3215,3297,3324,3386,3479,3531,3587,3664,3741,3814,3847,3907,3915,3948,4047,4025,4055,4111,4128,4181,4251,4323,4393,4473,4572,4651,4719,4816,4921,4966
"(2:Luumäki,Luumäki)",5747,5695,5668,5686,5717,5666,5673,5651,5654,5645,5659,5639,5655,5594,5498,5454,5424,5461,5398,5328,5328,5371,5357,5299,5274,5297,5216,5200,5179,5179,5147,5119,5022
"(2:Luvia,Luvia)",3293,3338,3358,3384,3415,3405,3446,3441,3418,3432,3409,3413,3450,3459,3424,3403,3392,3343,3345,3324,3323,3288,3283,3269,3306,3325,3337,3321,3317,3315,3322,3353,3360
"(2:Maalahti,Malax)",5704,5727,5784,5792,5799,5807,5866,5820,5865,5861,5939,5932,5896,5899,5878,5823,5839,5765,5750,5661,5638,5602,5583,5549,5554,5542,5519,5515,5549,5614,5605,5614,5586
"(2:Maaninka,Maaninka)",4443,4385,4344,4314,4336,4268,4223,4186,4157,4136,4135,4134,4147,4136,4078,4074,4084,4033,3966,3913,3889,3865,3808,3783,3793,3781,3853,3884,3855,3870,3833,3841,3826
"(2:Maarianhamina,Mariehamn)",9553,9606,9733,9691,9824,9829,9888,9966,10077,10117,10263,10310,10338,10406,10429,10418,10399,10408,10534,10492,10488,10609,10632,10626,10712,10780,10824,10902,11005,11123,11190,11262,11345
"(2:Marttila,Marttila)",2278,2266,2250,2273,2264,2228,2253,2245,2280,2262,2282,2289,2278,2288,2234,2206,2163,2168,2144,2123,2135,2093,2102,2081,2097,2064,2073,2035,2030,2019,1994,1998,2017
"(2:Masku,Masku)",5209,5302,5437,5584,5744,5961,6120,6195,6322,6570,6887,7034,7200,7370,7422,7399,7410,7490,7462,7589,7763,7928,8100,8264,8410,8606,8779,9093,9383,9516,9455,9585,9671
"(2:Merijärvi,Merijärvi)",1371,1396,1399,1412,1408,1424,1442,1449,1472,1468,1470,1473,1471,1468,1432,1437,1447,1410,1413,1398,1370,1339,1336,1312,1303,1273,1264,1239,1187,1209,1202,1199,1176
"(2:Merikarvia,Sastmola)",4150,4199,4213,4226,4209,4189,4194,4183,4178,4160,4187,4173,4174,4204,4134,4088,4019,3973,3949,3870,3811,3774,3717,3656,3649,3582,3494,3455,3437,3411,3347,3304,3269
"(2:Miehikkälä,Miehikkälä)",3214,3162,3139,3105,3067,3021,2943,2901,2853,2835,2787,2789,2752,2751,2743,2688,2662,2645,2605,2574,2540,2547,2538,2502,2447,2433,2413,2370,2297,2278,2210,2169,2177
"(2:Mikkeli,S:t Michel)",52505,52713,52998,53420,53633,53800,53961,53994,54045,54283,54404,54742,54982,55198,55386,55563,55472,55424,55303,55212,55222,55074,54908,54826,54760,54728,54719,54521,54440,54435,54455,54530,54519
"(2:Muhos,Muhos)",6775,6753,6846,6991,7066,7131,7162,7209,7380,7451,7517,7651,7730,7864,7828,7875,7813,7822,7834,7796,7799,7811,7919,7969,8191,8240,8472,8646,8751,8856,8857,8909,8948
"(2:Multia,Multia)",2633,2618,2623,2601,2575,2528,2498,2469,2420,2433,2407,2380,2357,2352,2271,2229,2219,2200,2187,2170,2153,2109,2079,2065,2036,2020,1994,1963,1953,1919,1890,1847,1816
"(2:Muonio,Muonio)",2812,2825,2837,2870,2878,2881,2852,2838,2867,2857,2846,2820,2793,2806,2758,2698,2670,2629,2584,2565,2512,2474,2460,2465,2442,2418,2403,2363,2360,2377,2401,2369,2394
"(2:Mustasaari,Korsholm)",13693,14026,14378,14715,14916,15179,15455,15706,15817,15971,16123,16144,16249,16261,16294,16307,16321,16445,16527,16521,16614,16748,16865,17028,17240,17369,17641,17936,18112,18338,18637,18868,19012
"(2:Muurame,Muurame)",4799,5025,5277,5450,5636,5715,5833,5990,6123,6351,6580,6834,6996,7074,7157,7254,7444,7642,7844,7906,8101,8264,8407,8510,8597,8672,8881,8990,9178,9231,9256,9438,9569
"(2:Mynämäki,Mynämäki)",7359,7360,7386,7391,7455,7436,7500,7533,7536,7647,7667,7738,7848,7906,7893,7871,7836,7813,7867,7839,7870,7906,7947,8009,8046,8058,8009,8031,8026,8039,8041,8044,7978
"(2:Myrskylä,Mörskom)",2073,2047,2005,1994,2026,1998,1985,1979,2014,2051,2098,2066,2065,2054,2051,2040,2021,2011,2022,2036,2004,1974,1992,2012,2036,2033,2050,2026,2010,2021,2006,2008,1992
"(2:Mäntsälä,Mäntsälä)",11458,11601,11908,12015,12273,12496,12957,13389,13979,14497,14774,15051,15296,15462,15567,15651,15703,15837,15986,16363,16628,16908,17203,17473,17899,18226,18650,18980,19432,19747,19975,20131,20478
"(2:Mänttä-Vilppula,Mänttä-Vilppula)",15147,15212,15222,15117,15020,14918,14829,14552,14375,14236,14049,13858,13815,13624,13449,13412,13382,13250,13112,12933,12738,12612,12379,12270,12124,11982,11881,11767,11645,11496,11413,11308,11122
"(2:Mäntyharju,Mäntyharju)",8156,8107,8140,8176,8163,8071,7987,7844,7780,7865,7774,7729,7659,7588,7550,7498,7468,7382,7300,7202,7131,7120,7061,7013,6915,6862,6701,6647,6570,6475,6456,6393,6356
"(2:Naantali,Nådendal)",11328,11705,12119,12592,12923,13246,13515,13808,14338,14567,14622,14919,15059,15470,15697,15854,16103,16269,16496,16630,16743,17009,17100,17437,17563,17788,17987,18117,18391,18544,18807,18871,18824
"(2:Nakkila,Nakkila)",6248,6305,6376,6431,6445,6445,6431,6380,6415,6351,6396,6351,6312,6313,6278,6186,6162,6168,6155,6111,6094,6019,5964,5941,5859,5832,5768,5758,5782,5716,5788,5780,5747
"(2:Nastola,Nastola)",13864,14056,14162,14232,14329,14472,14512,14623,14818,15029,15121,15295,15238,15142,15061,14919,14774,14782,14749,14757,14735,14598,14684,14738,14789,14790,14871,15007,15044,15065,14994,15027,15082
"(2:Nivala,Nivala)",10515,10702,10859,10982,11045,11017,11108,11181,11221,11238,11249,11343,11374,11432,11410,11379,11343,11308,11234,11151,11079,11022,10919,10901,10839,10889,10950,10976,10984,11023,11025,11051,10985
"(2:Nokia,Nokia)",23644,23764,23857,23978,24150,24325,24549,24811,25344,25807,26063,26173,26187,26318,26318,26287,26326,26476,26499,26691,26905,27298,27653,28090,28604,29147,29740,30485,30951,31357,31647,32056,32354
"(2:Nousiainen,Nousis)",3430,3480,3526,3545,3616,3649,3691,3731,3812,3906,3996,4046,4090,4087,4076,4104,4087,4108,4116,4159,4189,4203,4269,4333,4425,4518,4633,4763,4809,4824,4865,4814,4846
"(2:Nurmes,Nurmes)",11550,11590,11588,11569,11507,11419,11332,11227,11081,11035,10944,10945,10899,10850,10794,10718,10505,10276,10108,9921,9781,9646,9430,9299,9193,9151,8950,8816,8674,8573,8508,8359,8308
"(2:Nurmijärvi,Nurmijärvi)",22115,22399,22919,23463,24061,24696,25312,25994,26833,27412,28129,28684,29246,29576,29921,30014,30347,30880,31543,32335,33104,34029,34791,35922,36568,37391,38006,38633,39018,39628,39937,40349,40719
"(2:Närpiö,Närpes)",10816,10785,10756,10791,10743,10720,10661,10581,10572,10535,10490,10426,10350,10298,10296,10234,10166,10066,9953,9856,9769,9632,9651,9575,9515,9463,9432,9443,9505,9464,9435,9412,9380
"(2:Orimattila,Orimattila)",15184,15180,15140,15197,15286,15246,15232,15245,15403,15596,15805,15976,16125,16087,15976,15909,15796,15841,15735,15658,15629,15772,15872,15903,15948,16154,16205,16205,16276,16353,16309,16369,16300
"(2:Oripää,Oripää)",1480,1469,1453,1443,1467,1458,1458,1444,1429,1410,1414,1424,1417,1402,1399,1388,1347,1329,1344,1359,1342,1317,1326,1346,1343,1335,1332,1362,1393,1403,1414,1422,1434
"(2:Orivesi,Orivesi)",8854,8866,8957,9026,9041,9086,9099,9155,9169,9217,9196,9181,9174,9185,9139,9012,8996,8948,8950,8898,8886,8917,8902,8839,8890,8929,9486,9555,9632,9634,9617,9590,9571
"(2:Oulainen,Oulainen)",7885,8017,8082,8194,8214,8225,8258,8249,8255,8227,8324,8400,8382,8445,8465,8444,8387,8319,8296,8267,8203,8188,8219,8198,8129,8101,8086,7998,8047,7931,7889,7916,7847
"(2:Oulu,Uleåborg)",121809,123565,125782,126697,127590,128869,129872,131187,132325,134339,136029,137586,139414,140870,143257,146395,149136,151397,153883,156917,160851,164224,166415,168549,170912,173436,175286,177276,179901,182528,185419,188114,190847
"(2:Outokumpu,Outokumpu)",10312,10303,10131,10034,9884,9678,9693,9397,9340,9338,9307,9258,9136,9057,8991,8887,8832,8638,8557,8343,8155,8024,7955,7840,7803,7758,7743,7688,7551,7492,7411,7377,7343
"(2:Padasjoki,Padasjoki)",4613,4617,4572,4532,4569,4509,4506,4544,4500,4432,4400,4380,4342,4322,4253,4178,4093,4072,4028,3988,3879,3842,3746,3721,3637,3639,3597,3531,3513,3448,3423,3369,3333
"(2:Paimio,Pemar)",8366,8388,8579,8700,8876,9020,9081,9206,9335,9539,9614,9700,9767,9795,9810,9832,9745,9706,9726,9797,9815,9792,9880,9791,9808,9876,10000,10010,10145,10334,10402,10471,10591
"(2:Paltamo,Paltamo)",5474,5429,5395,5346,5349,5307,5221,5142,5147,5137,5056,4994,4946,4895,4814,4760,4720,4653,4600,4530,4420,4348,4217,4220,4219,4183,4093,4071,3998,3917,3884,3807,3743
"(2:Parainen,Pargas)",14563,14659,14801,14936,15082,15236,15304,15385,15540,15660,15712,15733,15743,15730,15646,15583,15517,15502,15406,15372,15295,15269,15241,15281,15283,15298,15368,15373,15405,15490,15501,15505,15561
"(2:Parikkala,Parikkala)",8809,8696,8583,8498,8400,8309,8230,8118,7980,7941,7893,7782,7651,7560,7395,7250,7127,7019,6911,6832,6653,6579,6468,6353,6271,6227,6151,6070,6007,5885,5787,5664,5591
"(2:Parkano,Parkano)",8779,8815,8805,8810,8773,8692,8678,8582,8530,8448,8446,8425,8403,8374,8321,8226,8194,8085,7988,7947,7807,7758,7620,7499,7471,7340,7213,7132,7115,7069,6978,6982,6918
"(2:Pedersören kunta,Pedersöre)",8696,8865,8951,9076,9203,9311,9408,9488,9583,9768,9874,10003,10120,10225,10180,10131,10162,10171,10194,10150,10258,10260,10310,10406,10511,10566,10623,10665,10757,10821,10893,10937,10940
"(2:Pelkosenniemi,Pelkosenniemi)",1601,1567,1579,1586,1572,1574,1559,1551,1517,1525,1533,1483,1451,1431,1406,1378,1350,1347,1310,1263,1243,1213,1216,1180,1152,1113,1076,1063,1046,1025,1008,973,963
"(2:Pello,Pello)",5624,5691,5761,5838,5900,5855,5839,5756,5687,5667,5665,5680,5649,5614,5516,5420,5332,5203,5114,4949,4830,4649,4625,4586,4524,4477,4361,4216,4114,4021,3980,3912,3819
"(2:Perho,Perho)",3139,3168,3248,3308,3356,3419,3422,3457,3420,3417,3381,3402,3426,3438,3414,3391,3360,3317,3281,3230,3155,3101,3070,3038,3005,3044,3004,3017,3020,2986,2934,2910,2923
"(2:Pertunmaa,Pertunmaa)",2868,2783,2743,2697,2657,2600,2559,2498,2480,2511,2499,2415,2389,2378,2354,2305,2273,2220,2198,2160,2178,2203,2175,2167,2115,2102,2059,2019,1979,1983,1936,1910,1857
"(2:Petäjävesi,Petäjävesi)",3700,3712,3723,3750,3749,3731,3734,3737,3758,3763,3789,3821,3802,3811,3788,3760,3738,3770,3790,3766,3780,3758,3721,3691,3682,3703,3748,3859,3887,3979,4022,4065,4095
"(2:Pieksämäki,Pieksämäki)",23781,23888,24030,24183,24220,24217,24252,24202,24137,24135,24128,24099,23954,23735,23599,23221,23086,22873,22620,22338,22040,21774,21491,21264,21127,20966,20746,20476,20304,20151,19869,19700,19407
"(2:Pielavesi,Pielavesi)",7439,7380,7368,7289,7279,7155,7071,7006,6933,6800,6677,6656,6665,6588,6521,6508,6437,6287,6170,6059,5916,5822,5747,5633,5550,5482,5367,5292,5249,5147,5087,5006,4926
"(2:Pietarsaari,Jakobstad)",20700,20632,20620,20585,20563,20458,20284,20118,19957,19887,19883,19954,19957,19840,19908,19939,19905,19832,19817,19730,19636,19519,19457,19431,19467,19521,19557,19569,19667,19627,19656,19623,19680
"(2:Pihtipudas,Pihtipudas)",6091,6038,6021,6012,5972,5945,5909,5818,5758,5688,5680,5661,5660,5612,5593,5550,5491,5450,5345,5303,5225,5139,5046,4996,4984,4917,4843,4784,4700,4613,4563,4500,4441
"(2:Pirkkala,Birkala)",9634,9814,10038,10287,10552,10723,10789,10875,11143,11285,11409,11440,11649,11732,11691,11723,11759,11852,12056,12358,12736,13280,13684,14322,14560,14875,15268,15788,16154,16515,17237,17763,18128
"(2:Polvijärvi,Polvijärvi)",6167,6093,6106,6056,6048,6006,6039,6020,5970,5973,6001,6010,5938,5863,5819,5730,5685,5625,5501,5470,5411,5346,5224,5154,5048,5008,4941,4931,4843,4821,4804,4778,4728
"(2:Pomarkku,Påmark)",3009,3012,3003,3028,3035,3028,2979,2936,2968,2958,2934,2946,2921,2881,2838,2808,2806,2761,2717,2692,2639,2644,2608,2595,2578,2528,2515,2536,2512,2482,2460,2415,2373
"(2:Pori,Björneborg)",85113,84992,84986,84846,84835,84355,83810,83443,82820,82621,82643,82793,82767,82881,82986,83017,83013,82870,82672,82431,82203,82109,82033,82316,82273,82260,82294,82413,82528,82786,83032,83133,83285
"(2:Pornainen,Borgnäs)",2393,2425,2493,2556,2640,2661,2745,2738,2856,3049,3237,3396,3477,3645,3693,3714,3792,3861,3972,4041,4131,4186,4339,4433,4569,4760,4851,4914,4975,5067,5107,5122,5137
"(2:Porvoo,Borgå)",38296,38576,38692,38969,39579,39833,40163,40566,41075,41559,41930,42361,42649,42868,43050,43315,43656,43791,44142,44616,44969,45403,45730,46217,46793,46982,47404,47832,48227,48599,48768,48833,49028
"(2:Posio,Posio)",5950,5960,5975,5953,5947,5906,5832,5745,5646,5592,5478,5452,5436,5380,5300,5260,5211,5072,4938,4792,4602,4526,4458,4393,4319,4247,4200,4087,4020,3945,3874,3818,3738
"(2:Pudasjärvi,Pudasjärvi)",11493,11507,11480,11492,11484,11453,11424,11290,11202,11151,11173,11234,11155,11176,11083,10958,10869,10691,10510,10231,10044,9907,9794,9674,9561,9380,9217,9142,9031,8947,8827,8695,8620
"(2:Pukkila,Pukkila)",1678,1654,1649,1643,1638,1659,1665,1725,1764,1777,1840,1856,1859,1862,1882,1867,1844,1877,1898,1944,1921,1936,1949,1979,1992,2024,2018,2022,2025,2004,2024,2016,2047
"(2:Punkalaidun,Punkalaidun)",4606,4561,4551,4532,4456,4415,4380,4343,4279,4219,4138,4119,4103,4086,4001,3931,3891,3851,3809,3770,3743,3655,3615,3552,3523,3450,3423,3405,3373,3333,3281,3236,3203
"(2:Puolanka,Puolanka)",5327,5303,5221,5194,5118,5049,4972,4846,4796,4696,4620,4530,4491,4438,4352,4286,4221,4151,4031,3953,3846,3706,3602,3560,3472,3408,3337,3225,3183,3123,3063,2997,2931
"(2:Puumala,Puumala)",3686,3693,3687,3651,3650,3595,3564,3491,3482,3439,3431,3398,3366,3372,3316,3251,3237,3200,3144,3070,3041,3014,2931,2867,2864,2807,2758,2723,2645,2549,2477,2419,2374
"(2:Pyhtää,Pyttis)",5218,5222,5268,5330,5378,5372,5386,5379,5375,5424,5482,5465,5496,5489,5482,5428,5392,5415,5339,5277,5253,5209,5222,5209,5167,5138,5141,5140,5123,5316,5355,5372,5377
"(2:Pyhäjoki,Pyhäjoki)",3591,3631,3678,3713,3688,3694,3707,3701,3692,3728,3765,3786,3839,3866,3876,3875,3807,3769,3702,3672,3617,3564,3578,3554,3502,3478,3430,3400,3353,3373,3393,3361,3311
"(2:Pyhäjärvi,Pyhäjärvi)",7992,8040,8039,8039,7989,7994,7974,7894,7836,7697,7663,7605,7605,7563,7493,7404,7316,7191,7058,6860,6734,6600,6445,6321,6285,6271,6244,6124,6081,6001,5946,5887,5849
"(2:Pyhäntä,Pyhäntä)",1687,1764,1798,1866,1953,1977,1985,2009,2072,2096,2097,2113,2107,2108,2089,2060,2050,1997,1960,1958,1911,1889,1861,1845,1820,1834,1799,1763,1701,1648,1633,1584,1566
"(2:Pyhäranta,Pyhäranta)",2244,2251,2259,2275,2303,2333,2366,2369,2372,2367,2385,2385,2418,2446,2416,2375,2363,2353,2328,2320,2311,2267,2290,2276,2251,2218,2223,2215,2236,2233,2236,2206,2199
"(2:Pälkäne,Pälkäne)",6551,6520,6539,6551,6497,6497,6484,6450,6483,6523,6573,6608,6638,6710,6706,6708,6671,6653,6624,6635,6682,6625,6632,6693,6737,6861,6895,6970,6989,7012,6950,6882,6838
"(2:Pöytyä,Pöytyä)",8365,8358,8285,8380,8387,8405,8400,8278,8321,8353,8465,8513,8559,8572,8514,8478,8470,8364,8376,8365,8332,8303,8304,8340,8339,8371,8351,8405,8397,8459,8494,8474,8569
"(2:Raahe,Brahestad)",27362,27730,27935,28203,28247,28431,28372,28210,28199,28164,27999,27976,28007,27947,27803,27690,27553,27436,27177,26909,26766,26540,26276,26018,25907,25746,25671,25678,25809,25674,25656,25652,25659
"(2:Raasepori,Raseborg)",27972,27906,27865,27872,28028,28140,28220,28184,28174,28245,28565,28671,28651,28684,28663,28567,28473,28382,28332,28364,28436,28480,28488,28482,28418,28396,28531,28731,28834,28944,29065,28959,28829
"(2:Raisio,Reso)",18017,18248,18507,18975,19325,19671,19969,20466,20765,20792,21120,21322,21486,21849,22088,22268,22413,22854,22945,23122,23149,23216,23322,23430,23594,23799,23967,24077,24147,24191,24427,24559,24562
"(2:Rantasalmi,Rantasalmi)",5473,5431,5362,5356,5378,5289,5280,5251,5222,5192,5191,5153,5132,5084,4970,4908,4833,4826,4745,4647,4587,4534,4514,4435,4409,4371,4321,4261,4145,4076,3996,3949,3921
"(2:Ranua,Ranua)",5603,5579,5509,5513,5537,5556,5547,5596,5665,5683,5655,5706,5751,5742,5687,5575,5511,5453,5322,5204,5052,4922,4903,4885,4871,4715,4632,4512,4428,4407,4337,4262,4227
"(2:Rauma,Raumo)",42973,43218,43358,43331,43580,43564,43574,43402,43052,42590,42410,42458,42258,42150,42213,42089,41807,41545,41483,41257,41001,40827,40828,40623,40453,40381,40292,40053,39747,39793,39715,39820,39842
"(2:Rautalampi,Rautalampi)",4793,4783,4759,4739,4721,4663,4612,4538,4477,4415,4408,4392,4347,4352,4266,4226,4169,4109,4006,3952,3867,3816,3779,3723,3707,3678,3603,3592,3538,3520,3475,3481,3444
"(2:Rautavaara,Rautavaara)",3468,3391,3378,3323,3260,3196,3128,3091,3056,3002,2977,2928,2908,2876,2826,2779,2705,2632,2558,2469,2377,2301,2240,2182,2137,2090,2061,1988,1949,1918,1872,1848,1813
"(2:Rautjärvi,Rautjärvi)",5982,5936,5909,5865,5832,5794,5713,5615,5511,5453,5413,5384,5351,5301,5221,5121,5037,4947,4823,4693,4619,4556,4496,4422,4336,4273,4221,4176,4096,4037,3937,3832,3784
"(2:Reisjärvi,Reisjärvi)",3637,3658,3653,3655,3671,3642,3621,3599,3623,3615,3613,3633,3615,3604,3528,3533,3497,3428,3394,3337,3274,3259,3206,3162,3127,3106,3065,3039,2990,3020,2973,2996,2961
"(2:Riihimäki,Riihimäki)",23971,24005,24046,24196,24292,24366,24559,24674,24862,24880,25000,25298,25559,25674,25754,25838,25911,25975,25964,26106,26173,26268,26341,26654,26847,27069,27503,28023,28536,28587,28803,29018,29215
"(2:Ristijärvi,Ristijärvi)",2469,2447,2414,2411,2377,2329,2293,2264,2227,2198,2150,2124,2091,2068,2068,2045,1992,1917,1874,1826,1796,1748,1716,1686,1659,1626,1608,1575,1548,1521,1513,1489,1450
"(2:Rovaniemi,Rovaniemi)",48056,48907,49785,50690,51277,51780,51855,52274,52682,53190,54014,54790,55487,56054,56606,57045,57389,57641,57620,57619,57253,56991,56894,56955,57500,57835,58099,58825,59353,59848,60090,60637,60877
"(2:Ruokolahti,Ruokolahti)",6637,6575,6547,6527,6478,6394,6425,6395,6436,6446,6456,6450,6520,6531,6472,6402,6340,6374,6309,6283,6204,6142,6051,6029,5937,5897,5882,5732,5730,5733,5668,5595,5577
"(2:Ruovesi,Ruovesi)",6609,6583,6464,6434,6333,6314,6288,6223,6157,6150,6142,6046,6029,5991,5945,5924,5855,5830,5812,5761,5683,5591,5526,5457,5431,5398,5314,5195,5132,5101,5038,4940,4868
"(2:Rusko,Rusko)",3361,3463,3618,3775,3915,4013,4064,4183,4343,4433,4542,4645,4739,4793,4861,4892,4874,4900,4981,5052,5174,5335,5408,5488,5598,5654,5708,5724,5758,5822,5816,5870,5907
"(2:Rääkkylä,Rääkkylä)",4063,4042,4014,3961,3914,3879,3856,3762,3682,3619,3556,3509,3438,3433,3420,3364,3300,3255,3229,3172,3175,3076,3020,2960,2936,2838,2778,2735,2671,2625,2554,2532,2490
"(2:Saarijärvi,Saarijärvi)",11871,11941,11983,12031,11973,11930,11935,11925,11885,11938,12026,12020,12060,12071,12080,11980,12024,11931,11822,11767,11624,11489,11358,11276,11130,11048,10929,10801,10730,10666,10580,10380,10258
"(2:Salla,Salla)",7256,7177,7159,7108,7074,6875,6740,6629,6516,6378,6269,6176,6139,6049,5925,5812,5733,5643,5462,5289,5142,4970,4822,4782,4683,4571,4479,4364,4308,4231,4162,4052,3979
"(2:Salo,Salo)",47638,47658,47726,47894,48146,48505,48649,48965,49438,49743,49834,50034,50076,50200,50423,50922,51087,51443,51813,52218,52604,52852,52854,53029,53236,53672,54082,54469,54777,54889,55235,55283,54858
"(2:Saltvik,Saltvik)",1564,1568,1548,1564,1561,1564,1581,1574,1588,1598,1634,1655,1660,1661,1627,1636,1618,1625,1641,1674,1679,1721,1714,1747,1723,1739,1706,1731,1753,1792,1802,1810,1823
"(2:Sastamala,Sastamala)",27591,27630,27693,27581,27532,27345,27395,27230,27160,27046,27085,27171,27200,27102,26954,26785,26593,26506,26387,26358,26195,26016,25857,25865,25863,25847,25848,25893,25813,25746,25764,25763,25747
"(2:Sauvo,Sagu)",2545,2537,2527,2558,2567,2602,2622,2675,2762,2799,2808,2832,2863,2846,2865,2846,2842,2822,2824,2856,2851,2846,2871,2888,2896,2931,2915,2950,3027,3040,3045,3043,3033
"(2:Savitaipale,Savitaipale)",5248,5152,5113,5083,4973,4930,4904,4874,4858,4838,4799,4743,4732,4684,4641,4601,4542,4488,4476,4432,4396,4324,4293,4224,4162,4126,4132,4071,4023,3957,3863,3789,3764
"(2:Savonlinna,Nyslott)",41053,41141,41152,41301,41231,41324,41325,41235,41210,41331,41359,41368,41508,41438,41367,41426,41205,40899,40509,40033,39575,39255,39072,38865,38689,38451,38214,37762,37410,37204,37059,36854,36584
"(2:Savukoski,Savukoski)",1931,1937,1923,1918,1913,1881,1824,1802,1800,1783,1774,1763,1766,1728,1685,1660,1626,1596,1543,1530,1472,1434,1415,1385,1329,1303,1266,1244,1216,1181,1179,1156,1127
"(2:Seinäjoki,Seinäjoki)",42497,43035,43596,44153,44601,45040,45443,45744,46281,46715,47182,47651,48138,48559,48976,49209,49457,49678,50033,50372,50670,51159,51705,52379,53274,53965,54616,55356,56211,57024,57811,58703,59556
"(2:Sievi,Sievi)",4420,4494,4516,4554,4594,4630,4622,4640,4616,4659,4710,4732,4739,4752,4793,4842,4909,4969,5003,5119,5151,5149,5184,5194,5210,5192,5213,5257,5307,5278,5310,5285,5241
"(2:Siikainen,Siikainen)",2557,2517,2538,2517,2494,2449,2428,2396,2362,2354,2351,2311,2281,2270,2231,2188,2161,2093,2054,2002,1947,1886,1895,1866,1816,1800,1794,1744,1677,1686,1654,1661,1641
"(2:Siikajoki,Siikajoki)",6122,6167,6294,6372,6432,6419,6446,6520,6527,6536,6583,6581,6588,6591,6568,6507,6467,6379,6289,6169,6061,5997,5916,5904,5830,5808,5827,5823,5759,5776,5682,5639,5597
"(2:Siikalatva,Siikalatva)",8258,8339,8385,8367,8308,8219,8202,8136,8002,7915,7864,7831,7778,7812,7790,7684,7585,7492,7356,7255,7146,7083,6984,6888,6782,6688,6575,6520,6394,6293,6179,6061,5983
"(2:Siilinjärvi,Siilinjärvi)",15168,15603,15958,16290,16611,16941,17179,17470,18003,18544,18749,18925,19113,19144,19310,19304,19371,19445,19595,19584,19742,19760,19885,20119,20234,20271,20609,20750,20769,20964,21010,21311,21431
"(2:Simo,Simo)",4197,4231,4280,4301,4334,4275,4278,4233,4222,4268,4276,4279,4265,4219,4163,4158,4130,4036,4001,3924,3891,3791,3759,3717,3655,3621,3597,3588,3546,3496,3489,3441,3429
"(2:Sipoo,Sibbo)",12971,13290,13487,13635,13744,13875,14025,14198,14376,14577,14671,14893,15089,15217,15328,15497,15797,16145,16687,17160,17477,17760,18177,18397,18444,18719,19060,19470,17840,18036,18253,18526,18739
"(2:Siuntio,Sjundeå)",3600,3721,3760,3767,3906,3982,4038,4073,4104,4265,4221,4343,4381,4392,4401,4445,4478,4524,4656,4714,4853,4918,4997,5158,5312,5422,5578,5780,5871,6024,6104,6148,6170
"(2:Sodankylä,Sodankylä)",10117,10244,10401,10487,10512,10490,10621,10634,10600,10567,10576,10667,10693,10724,10747,10736,10563,10450,10283,10105,9922,9674,9489,9373,9336,9216,9081,8982,8872,8801,8779,8806,8834
"(2:Soini,Soini)",3038,2997,2973,2979,2995,2959,2969,2965,2959,2990,3026,3027,3023,2986,2970,2925,2902,2860,2820,2813,2799,2733,2717,2682,2667,2614,2580,2526,2455,2429,2391,2360,2329
"(2:Somero,Somero)",10289,10128,10080,10027,10033,10015,9976,9947,9978,9984,10002,9963,9942,9939,9932,9894,9876,9815,9779,9799,9789,9676,9676,9680,9684,9606,9524,9491,9465,9402,9330,9268,9229
"(2:Sonkajärvi,Sonkajärvi)",6716,6624,6557,6566,6492,6445,6394,6282,6186,6104,6030,5978,5914,5862,5811,5671,5638,5605,5498,5396,5272,5155,5070,5007,4995,4951,4900,4825,4706,4694,4671,4600,4493
"(2:Sotkamo,Sotkamo)",11430,11445,11577,11572,11585,11622,11599,11546,11484,11476,11603,11600,11606,11563,11551,11477,11434,11390,11289,11237,11106,10894,10766,10715,10701,10713,10738,10716,10719,10703,10702,10697,10682
"(2:Sottunga,Sottunga)",149,146,147,145,147,150,151,140,140,136,133,129,130,134,129,127,120,131,126,122,129,128,132,134,131,127,120,116,115,125,119,103,101
"(2:Sulkava,Sulkava)",4379,4328,4260,4213,4218,4146,4102,4036,3994,3936,3923,3900,3864,3831,3788,3758,3699,3628,3562,3523,3456,3413,3363,3306,3257,3196,3149,3087,3033,2965,2938,2876,2844
"(2:Sund,Sund)",939,939,951,957,940,920,911,930,941,945,948,959,951,946,953,968,965,992,980,1004,1013,1013,1030,1039,1024,1031,1033,1052,1031,1032,1019,1032,1035
"(2:Suomussalmi,Suomussalmi)",13357,13387,13516,13574,13354,13147,13044,12856,12699,12543,12509,12433,12336,12306,12258,12124,11906,11692,11411,11236,11003,10740,10548,10376,10248,10071,9848,9632,9435,9332,9156,8943,8813
"(2:Suonenjoki,Suonenjoki)",9110,9076,9088,9063,9014,8981,8921,8863,8796,8765,8681,8718,8704,8656,8663,8560,8504,8390,8297,8203,8048,7992,7886,7787,7836,7766,7741,7678,7607,7611,7598,7577,7496
"(2:Sysmä,Sysmä)",6090,6032,5949,5903,5847,5802,5725,5628,5537,5517,5527,5495,5501,5457,5430,5326,5220,5160,5091,5003,4915,4851,4780,4716,4697,4655,4629,4578,4509,4391,4305,4261,4178
"(2:Säkylä,Säkylä)",5164,5186,5195,5227,5268,5273,5270,5251,5259,5286,5290,5308,5359,5346,5325,5311,5223,5236,5258,5195,5108,5014,4980,4943,4930,4937,4888,4784,4761,4721,4703,4673,4631
"(2:Taipalsaari,Taipalsaari)",3818,3873,3902,3915,4022,4137,4252,4345,4408,4538,4655,4705,4751,4771,4763,4796,4779,4784,4708,4704,4712,4701,4723,4802,4844,4895,4962,4964,4914,4888,4911,4855,4840
"(2:Taivalkoski,Taivalkoski)",5895,5883,5881,5920,5799,5741,5745,5741,5673,5669,5659,5636,5656,5659,5628,5595,5563,5463,5317,5224,5127,5031,4940,4869,4779,4728,4663,4621,4546,4491,4459,4422,4313
"(2:Taivassalo,Tövsala)",2012,1985,2004,2015,2031,2034,2014,1986,1993,2016,1976,1952,1948,1943,1886,1896,1865,1849,1840,1846,1821,1778,1759,1766,1762,1742,1748,1730,1708,1692,1700,1690,1682
"(2:Tammela,Tammela)",5561,5581,5556,5604,5570,5651,5640,5681,5669,5806,5912,5978,6111,6184,6147,6156,6225,6239,6334,6357,6362,6424,6451,6440,6484,6505,6582,6650,6617,6628,6591,6554,6542
"(2:Tampere,Tammerfors)",166228,167028,167211,167344,168150,169026,169994,170533,171068,171561,172560,173797,174859,176149,179251,182742,186026,188726,191254,193174,195468,197774,199823,200966,202932,204337,206368,207866,209552,211507,213217,215168,217421
"(2:Tarvasjoki,Tarvasjoki)",1683,1722,1745,1750,1768,1768,1766,1780,1796,1820,1839,1864,1900,1890,1900,1890,1910,1914,1939,1930,1921,1921,1932,1949,1941,1960,1952,1942,1941,1970,1945,1944,1959
"(2:Tervo,Tervo)",2363,2357,2337,2346,2363,2305,2278,2263,2223,2215,2232,2228,2204,2192,2153,2129,2120,2113,2064,2010,1994,1951,1925,1920,1890,1835,1790,1792,1750,1744,1706,1700,1704
"(2:Tervola,Tervola)",4631,4604,4569,4541,4503,4471,4318,4312,4277,4239,4170,4177,4176,4161,4132,4079,4065,4032,4032,3953,3895,3864,3781,3729,3710,3679,3659,3550,3476,3462,3444,3387,3339
"(2:Teuva,Östermark)",7576,7600,7621,7641,7639,7600,7549,7521,7494,7422,7348,7382,7343,7329,7207,7087,7019,6885,6782,6686,6620,6508,6403,6340,6307,6220,6158,6158,6077,5962,5923,5847,5767
"(2:Tohmajärvi,Tohmajärvi)",7151,7175,7193,7164,7093,7005,6965,6880,6811,6736,6666,6613,6555,6526,6476,6378,6228,6131,6059,5969,5873,5791,5711,5588,5511,5446,5346,5239,5161,5079,5008,4992,4897
"(2:Toholampi,Toholampi)",3967,3995,4013,4062,4076,4064,4065,4060,4088,4092,4087,4077,4085,4043,4067,4023,3982,3939,3906,3841,3797,3745,3678,3664,3665,3667,3643,3590,3536,3493,3480,3485,3426
"(2:Toivakka,Toivakka)",2422,2457,2449,2436,2447,2407,2409,2402,2445,2484,2515,2504,2502,2477,2460,2470,2454,2449,2427,2396,2368,2368,2364,2390,2373,2353,2359,2347,2367,2379,2418,2475,2455
"(2:Tornio,Torneå)",21076,21333,21595,21922,22173,22328,22465,22538,22616,22698,22879,23033,23178,23313,23274,23156,23285,23116,22881,22719,22617,22456,22155,22198,22204,22297,22299,22373,22487,22426,22513,22545,22489
"(2:Turku,Åbo)",163680,163526,163484,163002,162282,161398,161188,160456,159917,159469,159180,159403,159916,160390,162370,164744,166929,168772,170931,172107,172561,173686,174618,175059,174824,174868,175354,175286,175582,176087,177326,178630,180225
"(2:Tuusniemi,Tuusniemi)",4170,4085,4061,4016,3991,3949,3882,3778,3699,3636,3580,3570,3555,3536,3506,3450,3443,3415,3308,3260,3204,3171,3083,3037,3031,2998,2983,2934,2877,2864,2864,2820,2795
"(2:Tuusula,Tusby)",22412,22698,23244,24054,24641,25222,25749,26234,26663,27153,27328,27774,28319,28444,28677,28791,29349,29957,30404,31168,31957,32915,33377,33952,34513,34890,35434,35968,36386,36766,37214,37667,37936
"(2:Tyrnävä,Tyrnävä)",3900,3917,4044,4066,4106,4117,4134,4175,4217,4280,4387,4523,4593,4680,4744,4787,4867,4879,4876,4953,5035,5119,5248,5378,5616,5732,5916,6087,6148,6320,6416,6462,6613
"(2:Ulvila,Ulvsby)",12809,13136,13387,13637,13854,13960,13993,14003,14134,14220,14317,14391,14533,14563,14513,14490,14356,14305,14243,14187,14118,14044,13991,13879,13934,13803,13767,13702,13707,13692,13606,13554,13470
"(2:Urjala,Urjala)",6458,6359,6314,6285,6279,6274,6244,6201,6164,6112,6129,6109,6095,6046,5961,5895,5842,5761,5763,5714,5703,5612,5596,5556,5524,5565,5513,5491,5414,5362,5335,5246,5174
"(2:Utajärvi,Utajärvi)",3786,3757,3798,3850,3857,3800,3754,3725,3711,3638,3601,3632,3616,3636,3609,3592,3545,3508,3446,3388,3334,3290,3279,3263,3231,3223,3188,3108,3045,3014,2998,2951,2950
"(2:Utsjoki,Utsjoki)",1479,1490,1507,1523,1531,1548,1549,1530,1548,1525,1514,1531,1534,1568,1553,1568,1555,1521,1457,1412,1394,1401,1402,1385,1367,1363,1361,1335,1322,1302,1297,1294,1285
"(2:Uurainen,Uurainen)",2739,2746,2768,2796,2804,2823,2827,2825,2878,2895,2961,3013,3038,3082,3078,3055,3082,3078,3089,3117,3125,3112,3111,3078,3096,3137,3157,3265,3321,3382,3455,3507,3569
"(2:Uusikaarlepyy,Nykarleby)",7537,7593,7678,7747,7748,7768,7770,7861,7820,7756,7727,7721,7743,7727,7667,7658,7652,7607,7554,7529,7492,7458,7431,7450,7436,7375,7404,7399,7429,7452,7458,7516,7531
"(2:Uusikaupunki,Nystad)",17326,17282,17333,17415,17701,17815,18123,18305,18463,18435,18432,18393,18255,18009,17872,17590,17631,17552,17479,17216,17019,16851,16696,16405,16260,16198,16059,15926,15886,15873,15833,15685,15499
"(2:Vaala,Vaala)",4846,4840,4749,4729,4733,4667,4650,4627,4541,4515,4498,4499,4497,4504,4464,4420,4351,4322,4228,4138,4041,3976,3894,3829,3751,3718,3612,3561,3470,3400,3370,3314,3250
"(2:Vaasa,Vasa)",58335,58592,59017,59131,59388,59270,59166,58607,58344,58272,58394,58763,59191,59699,60026,60399,60812,61183,61442,61464,61470,61716,61613,61705,61729,61889,62269,62695,63329,63915,64345,65173,65674
"(2:Valkeakoski,Valkeakoski)",22780,22708,22638,22594,22616,22582,22442,22282,22242,22042,21724,21600,21427,21317,21250,21168,20968,20785,20731,20626,20493,20424,20419,20474,20472,20408,20394,20394,20542,20631,20844,21022,21172
"(2:Valtimo,Valtimo)",4019,3992,3980,3964,3899,3880,3820,3789,3752,3727,3637,3561,3528,3487,3438,3370,3294,3195,3137,3088,3002,2927,2877,2816,2769,2671,2588,2541,2508,2482,2458,2437,2421
"(2:Vantaa,Vanda)",132050,134040,136607,139202,141991,143844,146425,149063,151157,152262,154933,157274,159213,161103,164376,166480,168778,171297,173860,176386,178471,179856,181890,184039,185429,187281,189711,192522,195397,197636,200055,203001,205312
"(2:Varkaus,Varkaus)",26554,26608,26592,26563,26593,26714,26898,26645,26502,26470,26428,26439,26366,26275,25973,25930,25840,25619,25360,25101,24890,24731,24546,24366,24269,23946,23643,23405,23182,22935,22777,22606,22340
"(2:Vehmaa,Vehmaa)",2951,2919,2880,2846,2840,2844,2830,2808,2832,2794,2777,2815,2767,2715,2660,2634,2616,2556,2584,2515,2539,2509,2491,2470,2448,2464,2468,2448,2445,2400,2378,2353,2324
"(2:Vesanto,Vesanto)",3572,3539,3520,3467,3439,3386,3350,3328,3287,3228,3245,3250,3224,3175,3151,3082,3015,3001,2952,2865,2812,2752,2697,2675,2689,2583,2548,2477,2437,2412,2426,2390,2328
"(2:Vesilahti,Vesilahti)",3081,3038,3033,3020,3011,3006,3038,3018,3015,3055,3097,3155,3231,3259,3246,3235,3223,3284,3318,3391,3421,3481,3596,3663,3675,3831,3949,4086,4248,4365,4345,4383,4437
"(2:Veteli,Vetil)",3880,3956,3989,4006,3993,4040,4085,4126,4065,4098,4074,4059,4095,4069,4057,4046,4009,3949,3922,3853,3811,3754,3696,3690,3637,3593,3540,3518,3501,3482,3466,3405,3382
"(2:Vieremä,Vieremä)",5134,5089,5013,5001,5004,4960,4935,4898,4874,4829,4779,4758,4762,4752,4739,4637,4625,4553,4514,4457,4361,4294,4246,4155,4143,4125,4095,4054,4062,3985,3982,3962,3930
"(2:Vihti,Vichtis)",16871,17359,17859,18493,18862,19267,19876,20428,20727,21088,21648,21835,22204,22556,22716,22895,23003,23203,23385,23611,23858,24214,24732,24954,25561,25935,26427,27040,27628,27869,28311,28581,28674
"(2:Viitasaari,Viitasaari)",8910,8940,8963,9011,9005,8997,8886,8807,8771,8671,8689,8640,8613,8525,8447,8347,8267,8212,8050,8010,7915,7800,7728,7602,7524,7458,7445,7406,7330,7195,7174,7065,6957
"(2:Vimpeli,Vimpeli)",3679,3743,3806,3868,3867,3834,3789,3787,3782,3814,3834,3838,3816,3836,3805,3761,3702,3646,3629,3602,3553,3469,3458,3403,3415,3414,3387,3332,3302,3298,3255,3222,3205
"(2:Virolahti,Virolahti)",4514,4459,4457,4390,4328,4334,4275,4271,4261,4223,4186,4175,4128,4127,4108,4033,4003,3970,3972,3918,3904,3837,3772,3752,3718,3641,3611,3617,3541,3530,3516,3485,3487
"(2:Virrat,Virdois)",9621,9596,9610,9604,9528,9391,9320,9233,9216,9169,9143,9132,9076,9045,9002,8879,8723,8635,8580,8442,8236,8161,8077,7982,7943,7851,7778,7693,7629,7612,7514,7453,7384
"(2:Vårdö,Vårdö)",387,382,375,379,386,379,386,382,380,380,386,397,394,387,401,404,397,393,398,402,409,404,406,417,425,426,434,444,449,445,452,449,422
"(2:Vöyri,Vörå)",7652,7689,7700,7698,7738,7700,7654,7655,7557,7541,7427,7483,7396,7404,7373,7298,7210,7155,7106,7022,6935,6882,6785,6773,6775,6749,6663,6683,6628,6686,6689,6743,6680
"(2:Ylitornio,Övertorneå)",6792,6794,6763,6789,6649,6648,6600,6499,6354,6288,6258,6224,6233,6210,6136,6029,5937,5861,5752,5652,5535,5404,5330,5314,5275,5184,5095,4943,4847,4807,4731,4650,4556
"(2:Ylivieska,Ylivieska)",11738,11971,12170,12398,12544,12559,12649,12698,12780,12978,13053,13284,13383,13431,13536,13521,13435,13357,13263,13276,13248,13235,13220,13185,13343,13482,13571,13650,13803,13895,14067,14266,14533
"(2:Ylöjärvi,Ylöjärvi)",18013,18349,19121,19983,20576,21316,21838,22322,22765,23103,23434,23712,23922,24137,24232,24223,24439,24582,24805,25070,25299,25747,26060,26502,27178,27876,28466,29148,29762,30175,30500,30942,31515
"(2:Ypäjä,Ypäjä)",2950,2904,2880,2862,2851,2829,2799,2816,2792,2810,2801,2802,2789,2758,2742,2748,2787,2779,2780,2757,2735,2706,2654,2677,2678,2678,2659,2641,2630,2584,2565,2550,2509
"(2:Ähtäri,Etseri)",7548,7593,7679,7680,7736,7826,7795,7811,7778,7809,7814,7778,7790,7732,7681,7598,7515,7440,7393,7255,7215,7133,7060,7000,6964,6885,6857,6758,6620,6565,6482,6412,6363
"(2:Äänekoski,Äänekoski)",20450,20435,20600,20744,20836,20743,20755,20753,20891,21052,21121,21188,21096,21173,21162,21129,21080,21005,20975,20898,20713,20543,20425,20457,20384,20345,20341,20404,20325,20243,20244,20334,20265
